<?xml version="1.0" encoding="UTF-8"?>
<PeakList>
  <PeakList1D>
    <PeakList1DHeader creator="nmrsu" date="2013-11-19T15:26:57.111+00:00" expNo="1351" name="CBB2Mes_CB_BJ131113" owner="" procNo="2" source="C:/Bruker/TopSpin3.2/data/nmrsu/nmr">
      <PeakPickDetails>F1=4.200ppm, F2=4.084ppm, MI=50.00cm, MAXI=10000.00cm, PC=4.000
      </PeakPickDetails>
    </PeakList1DHeader>
    <Peak1D F1="4.1398" intensity="1.000000e+002" type="0"/>
    <Peak1D F1="4.1282" intensity="9.683410e+001" type="0"/>
  </PeakList1D>
</PeakList>
