<?xml version="1.0" encoding="UTF-8"?>
<PeakList>
  <PeakList1D>
    <PeakList1DHeader creator="nmrsu" date="2013-11-20T13:56:27.898+00:00" expNo="1921" name="CBB2Mes_CB_BJ131113" owner="" procNo="2" source="C:/Bruker/TopSpin3.2/data/nmrsu/nmr">
      <PeakPickDetails>F1=4.196ppm, F2=4.092ppm, MI=50.00cm, MAXI=10000.00cm, PC=4.000
      </PeakPickDetails>
    </PeakList1DHeader>
    <Peak1D F1="4.1409" intensity="1.000000e+002" type="0"/>
    <Peak1D F1="4.1293" intensity="9.902855e+001" type="0"/>
  </PeakList1D>
</PeakList>
